known_lev_indices,known_lev_values
0,0.0
1,0.51333
2,1.470105
3,1.650205
4,2.58546
6,3.801925
9,5.085635
120,23.22998
138,24.445385
164,25.52448
199,26.912765
248,28.418975
